,Date,Weight,Steps
0,2012-07-12,188.715696272,7076
1,2012-07-13,187.944078355,5924
2,2012-07-14,187.503153831,6410
3,2012-07-15,187.172460438,6109
4,2012-07-16,186.51107365200002,6403
5,2012-07-17,186.180380259,3052
6,2012-07-18,186.180380259,5842
7,2012-07-19,185.95991799700002,6462
8,2012-07-20,186.841767045,4698
9,2012-07-21,186.51107365200002,7464
10,2012-07-22,186.29061139,6516
11,2012-07-23,186.400842521,4014
12,2012-07-24,185.84968686599998,6661
13,2012-07-25,185.40876234200002,6684
14,2012-07-26,184.08598877,6799
15,2012-07-27,184.74737555599998,9456
16,2012-07-28,184.08598877,6075
17,2012-07-29,184.306451032,8429
18,2012-07-30,183.97575763900002,6385
19,2012-07-31,183.865526508,5256
20,2012-08-01,183.865526508,6078
21,2012-08-02,183.97575763900002,5296
22,2012-08-03,183.42460198400002,4788
23,2012-08-04,183.31437085299999,10555
24,2012-08-05,183.865526508,6687
25,2012-08-06,183.534833115,5698
26,2012-08-07,181.550672757,11107
27,2012-08-08,182.432521805,6799
28,2012-08-09,182.32229067400002,5351
29,2012-08-10,182.32229067400002,5215
30,2012-08-11,181.991597281,7307
31,2012-08-12,182.101828412,6036
32,2012-08-13,182.54275293599997,5903
33,2012-08-14,180.448361447,6256
34,2012-08-15,181.88136615,6951
35,2012-08-16,181.771135019,7090
36,2012-08-17,181.88136615,6493
37,2012-08-18,181.66090388799998,6148
38,2012-08-19,180.77905484,8363
39,2012-08-20,180.338130316,6252
40,2012-08-21,181.109748233,6930
41,2012-08-22,180.889285971,5778
42,2012-08-23,181.330210495,5630
43,2012-08-24,181.991597281,5420
44,2012-08-25,181.330210495,6215
45,2012-08-26,180.77905484,8040
46,2012-08-27,180.889285971,6639
47,2012-08-28,180.227899185,7281
48,2012-08-29,180.227899185,6173
49,2012-08-30,179.67674353,6685
50,2012-08-31,179.456281268,5761
51,2012-09-01,179.23581900599999,5616
52,2012-09-02,179.34605013700002,5616
53,2012-09-03,179.015356744,6025
54,2012-09-04,179.34605013700002,5730
55,2012-09-05,179.125587875,5541
56,2012-09-06,179.34605013700002,6021
57,2012-09-07,179.897205792,4987
58,2012-09-08,179.456281268,7155
59,2012-09-09,180.338130316,7280
60,2012-09-10,179.786974661,6097
61,2012-09-11,179.456281268,4908
62,2012-09-12,179.566512399,4188
63,2012-09-13,179.456281268,6573
64,2012-09-14,179.897205792,5873
65,2012-09-15,179.015356744,7031
66,2012-09-16,179.015356744,7344
67,2012-09-17,178.353969958,6621
68,2012-09-18,176.920965255,7004
69,2012-09-19,178.46420108900003,6701
70,2012-09-20,177.58235204099998,2661
71,2012-09-21,176.920965255,5388
72,2012-09-22,176.3698096,6582
73,2012-09-23,177.251658648,8197
74,2012-09-24,176.3698096,5726
75,2012-09-25,176.81073412400002,7445
76,2012-09-26,177.141427517,6139
77,2012-09-27,177.03119638599998,6978
78,2012-09-28,177.141427517,6974
79,2012-09-29,177.802814303,6262
80,2012-09-30,177.47212091,7971
81,2012-10-01,176.700502993,6782
82,2012-10-02,177.47212091,6721
83,2012-10-03,177.58235204099998,13011
84,2012-10-04,177.36188977900002,6642
85,2012-10-05,177.141427517,9486
86,2012-10-06,176.81073412400002,7876
87,2012-10-07,176.700502993,17474
88,2012-10-08,177.69919703986,20463
89,2012-10-17,175.70842281400002,17361
90,2012-10-18,175.26749829,15405
91,2012-10-19,177.03119638599998,14503
92,2012-10-20,176.3698096,5235
93,2012-10-21,175.26749829,7050
94,2012-10-22,174.385649242,7734
95,2012-10-23,174.385649242,7825
96,2012-10-24,176.3698096,5261
97,2012-10-25,175.157267159,9257
98,2012-10-26,174.495880373,9932
99,2012-10-27,174.054955849,6482
100,2012-10-28,174.716342635,8054
101,2012-10-29,174.826573766,7430
102,2012-10-30,173.724262456,5980
103,2012-10-31,174.495880373,5600
104,2012-11-01,174.716342635,6587
105,2012-11-02,174.385649242,4869
106,2012-11-03,174.606111504,10113
107,2012-11-04,174.385649242,8147
108,2012-11-05,174.495880373,6836
109,2012-11-06,174.275418111,9684
110,2012-11-07,175.04703602799998,10082
111,2012-11-08,175.04703602799998,8244
112,2012-11-09,174.495880373,8790
113,2012-11-10,173.944724718,13503
114,2012-11-11,174.16518698,9921
115,2012-11-12,173.944724718,4473
116,2012-11-13,173.393569063,4832
117,2012-11-14,173.614031325,3785
118,2012-11-15,174.054955849,3723
119,2012-11-16,174.606111504,5815
120,2012-11-17,173.614031325,10735
121,2012-11-18,174.16518698,7377
122,2012-11-19,173.393569063,8591
123,2012-11-20,172.842413408,8379
124,2012-11-21,173.393569063,7616
125,2012-11-22,173.283337932,6295
126,2012-11-23,173.503800194,7832
127,2012-11-24,172.511720015,4048
128,2012-11-25,171.299177574,8092
129,2012-11-26,172.291257753,10041
130,2012-11-27,172.952644539,13622
131,2012-11-28,172.511720015,6654
132,2012-11-29,172.621951146,10474
133,2012-11-30,172.511720015,10738
134,2012-12-01,171.62987096700002,10164
135,2012-12-02,172.18102662200002,10105
136,2012-12-03,173.283337932,10793
137,2012-12-04,171.96056436,10116
138,2012-12-05,172.621951146,10147
139,2012-12-06,171.85033322900003,10216
140,2012-12-07,172.18102662200002,10909
141,2012-12-08,172.291257753,11286
142,2012-12-09,171.409408705,10559
143,2012-12-10,171.409408705,10272
144,2012-12-11,171.519639836,11270
145,2012-12-12,170.527559657,10147
146,2012-12-13,170.527559657,10013
147,2012-12-14,170.307097395,11029
148,2012-12-15,169.976404002,10012
149,2012-12-16,169.976404002,10280
150,2012-12-17,170.968484181,10415
151,2012-12-18,170.417328526,10283
152,2012-12-19,170.307097395,10524
153,2012-12-20,170.637790788,10895
154,2012-12-21,170.417328526,10877
155,2012-12-22,170.086635133,17273
156,2012-12-23,170.417328526,10065
157,2012-12-24,170.417328526,10248
158,2012-12-25,170.637790788,12066
159,2012-12-26,169.75594174,10671
160,2012-12-27,170.417328526,11021
161,2012-12-28,170.637790788,10505
162,2012-12-29,170.196866264,10506
163,2012-12-30,169.866172871,10224
164,2012-12-31,169.866172871,11912
165,2013-01-01,169.866172871,11022
166,2013-01-02,169.425248347,10883
167,2013-01-03,169.204786085,11633
168,2013-01-04,168.874092692,11079
169,2013-01-05,169.53547947799998,10845
170,2013-01-06,169.425248347,10302
171,2013-01-07,169.75594174,10886
172,2013-01-08,170.85825305,11757
173,2013-01-09,170.527559657,11069
174,2013-01-10,169.645710609,10965
175,2013-01-11,170.196866264,4883
176,2013-01-12,169.866172871,3626
177,2013-01-13,168.102474775,4009
178,2013-01-14,168.212705906,3403
179,2013-01-15,168.874092692,4825
180,2013-01-16,168.65363043,3120
181,2013-01-17,168.543399299,3138
182,2013-01-18,167.771781382,4920
183,2013-01-19,167.661550251,9471
184,2013-01-20,169.75594174,10549
185,2013-01-21,169.645710609,9383
186,2013-01-22,168.874092692,5472
187,2013-01-23,167.882012513,9187
188,2013-01-24,167.99224364399998,11602
189,2013-01-25,167.441087989,10873
190,2013-01-26,168.98432382299998,12095
191,2013-01-27,168.98432382299998,8648
192,2013-01-28,169.53547947799998,10605
193,2013-01-29,168.65363043,12679
194,2013-01-30,168.212705906,11511
195,2013-01-31,167.882012513,6142
196,2013-02-01,167.220625727,9604
197,2013-02-02,167.882012513,12260
198,2013-02-03,168.65363043,11612
199,2013-02-04,169.315017216,9207
200,2013-02-05,169.094554954,11253
201,2013-02-06,168.763861561,10795
202,2013-02-07,167.661550251,10166
203,2013-02-08,167.661550251,9913
204,2013-02-09,167.55131912,6314
205,2013-02-10,167.882012513,8551
206,2013-02-11,166.669470072,10655
207,2013-02-12,166.779701203,8758
208,2013-02-13,165.897852155,8631
209,2013-02-14,165.56715876200002,7439
210,2013-02-15,166.44900781,9720
211,2013-02-16,165.3466965,9953
212,2013-02-17,166.118314417,5048
213,2013-02-18,166.889932334,12195
214,2013-02-19,167.000163465,7164
215,2013-02-21,165.677389893,11779
216,2013-02-22,165.236465369,6358
217,2013-02-23,165.456927631,10575
218,2013-02-24,164.46484745200001,7921
219,2013-02-25,166.559238941,7320
220,2013-02-26,166.338776679,6640
221,2013-02-27,165.56715876200002,5176
222,2013-02-28,165.126234238,62
223,2013-03-01,165.677389893,7281
224,2013-03-02,165.456927631,8781
225,2013-03-03,165.236465369,10560
226,2013-03-04,165.677389893,8081
227,2013-03-05,166.669470072,9779
228,2013-03-06,165.3466965,6353
229,2013-03-07,166.338776679,8026
230,2013-03-08,165.56715876200002,7189
231,2013-03-09,165.787621024,5932
232,2013-03-10,166.559238941,5689
233,2013-03-11,165.236465369,7666
234,2013-03-12,165.456927631,8282
235,2013-03-13,165.56715876200002,10270
236,2013-03-14,165.01600310700002,5861
237,2013-03-15,164.795540845,8242
238,2013-03-16,165.126234238,7570
239,2013-03-17,164.575078583,3777
240,2013-03-18,164.905771976,4536
241,2013-03-19,164.905771976,629
242,2013-03-20,164.795540845,7808
243,2013-03-21,164.795540845,5258
244,2013-03-22,165.456927631,7109
245,2013-03-23,165.456927631,7812
246,2013-03-24,166.44900781,12159
247,2013-03-25,165.56715876200002,7508
248,2013-03-26,167.110394596,7891
249,2013-03-27,166.559238941,5703
250,2013-03-28,166.338776679,6008
251,2013-03-29,164.023922928,7167
252,2013-03-30,166.00808328600002,9207
253,2013-03-31,165.677389893,6919
254,2013-04-01,164.134154059,8306
255,2013-04-02,164.905771976,6869
256,2013-04-03,165.3466965,6184
257,2013-04-04,165.3466965,6260
258,2013-04-05,165.56715876200002,6287
259,2013-04-06,165.126234238,7268
260,2013-04-07,164.575078583,5448
261,2013-04-08,165.236465369,7090
262,2013-04-09,165.3466965,5340
263,2013-04-10,166.228545548,5464
264,2013-04-11,165.01600310700002,7583
265,2013-04-12,165.01600310700002,9873
266,2013-04-13,163.913691797,9326
267,2013-04-14,164.905771976,9201
268,2013-04-15,164.575078583,6580
269,2013-04-16,164.46484745200001,7774
270,2013-04-17,164.46484745200001,6817
271,2013-04-18,163.693229535,8538
272,2013-04-19,164.134154059,11801
273,2013-04-20,162.811380487,10869
274,2013-04-21,162.480687094,6826
275,2013-04-22,162.921611618,6314
276,2013-04-23,164.354616321,5353
277,2013-04-24,162.260224832,5981
278,2013-04-25,163.913691797,6388
279,2013-04-26,164.354616321,6187
280,2013-04-27,164.023922928,7838
281,2013-04-28,164.134154059,5738
282,2013-04-29,164.795540845,5986
283,2013-04-30,164.905771976,7396
284,2013-05-01,163.803460666,6795
285,2013-05-02,163.362536142,7468
286,2013-05-03,161.929531439,7383
287,2013-05-04,162.921611618,6537
288,2013-05-05,163.14207388,7821
289,2013-05-06,164.134154059,7229
290,2013-05-07,163.14207388,9494
291,2013-05-08,163.031842749,7595
292,2013-05-09,162.149993701,7290
293,2013-05-10,161.488606915,4505
294,2013-05-11,163.14207388,5066
295,2013-05-12,163.472767273,6433
296,2013-05-13,161.598838046,6905
297,2013-05-14,161.81930030799998,7631
298,2013-05-15,162.590918225,7934
299,2013-05-16,161.26814465299998,7406
300,2013-05-17,163.362536142,6567
301,2013-05-18,162.811380487,6803
302,2013-05-29,163.582998404,8238
303,2013-05-30,165.456927631,4521
304,2013-05-31,161.929531439,7400
305,2013-06-01,162.03976257,7125
306,2013-06-02,162.480687094,7097
307,2013-06-03,161.598838046,7137
308,2013-06-04,161.709069177,879
309,2013-06-05,162.260224832,7018
310,2013-06-06,163.031842749,7266
311,2013-06-07,163.803460666,7168
312,2013-06-08,164.023922928,6823
313,2013-06-09,164.795540845,6915
314,2013-06-10,164.134154059,9048
315,2013-06-11,163.14207388,7439
316,2013-06-12,162.260224832,7536
317,2013-06-13,162.149993701,7227
318,2013-06-14,162.260224832,5580
319,2013-06-15,162.260224832,8255
320,2013-06-16,163.803460666,8191
321,2013-06-17,163.693229535,7797
322,2013-06-18,162.37045596299998,6159
323,2013-06-19,162.590918225,7584
324,2013-06-20,162.480687094,6542
325,2013-06-21,162.03976257,7873
326,2013-06-22,162.37045596299998,6498
327,2013-06-23,162.149993701,5158
328,2013-06-24,160.82722012899998,5750
329,2013-06-25,161.047682391,7560
330,2013-06-26,161.488606915,6635
331,2013-06-27,160.055602212,6315
332,2013-06-28,160.716988998,4688
333,2013-06-29,160.496526736,6712
334,2013-06-30,160.93745126,6647
335,2013-07-01,161.598838046,5454
336,2013-07-02,161.709069177,5528
337,2013-07-03,160.82722012899998,5414
338,2013-07-04,160.165833343,3713
339,2013-07-05,161.488606915,6886
340,2013-07-06,161.709069177,6306
341,2013-07-07,160.93745126,5679
342,2013-07-08,160.82722012899998,4725
343,2013-07-09,160.82722012899998,5886
344,2013-07-10,160.606757867,6790
345,2013-07-11,160.93745126,5762
346,2013-07-12,161.81930030799998,5934
347,2013-07-13,159.83513995,3582
348,2013-07-14,160.82722012899998,7591
349,2013-07-15,160.165833343,5090
350,2013-07-16,160.386295605,5122
351,2013-07-17,159.39421542600002,6421
352,2013-07-18,160.386295605,5068
353,2013-07-19,160.386295605,6081
354,2013-07-20,160.165833343,6166
355,2013-07-21,160.716988998,8022
356,2013-07-22,160.82722012899998,6357
357,2013-07-23,159.83513995,7654
358,2013-07-24,159.945371081,8375
359,2013-07-25,160.386295605,6894
360,2013-07-26,160.496526736,3809
361,2013-07-27,160.165833343,4152
362,2013-07-28,160.606757867,6320
363,2013-07-29,159.945371081,6809
364,2013-07-30,159.724908819,6344
365,2013-07-31,160.165833343,6563
366,2013-08-01,159.724908819,9191
367,2013-08-02,158.181672985,8403
368,2013-08-03,158.84305977100001,5646
369,2013-08-04,158.84305977100001,9783
370,2013-08-05,159.283984295,4741
371,2013-08-06,159.173753164,7997
372,2013-08-07,158.95329090200002,6120
373,2013-08-08,158.512366378,4962
374,2013-08-09,157.740748461,7402
375,2013-08-10,157.410055068,6725
376,2013-08-11,158.291904116,7185
377,2013-08-12,157.85097959200002,8028
378,2013-08-13,157.079361675,6041
379,2013-08-14,156.858899413,6555
380,2013-08-15,157.740748461,7178
381,2013-08-16,157.520286199,8623
382,2013-08-17,157.189592806,6497
383,2013-08-18,158.512366378,4989
384,2013-08-19,159.39421542600002,8334
385,2013-08-20,159.283984295,5945
386,2013-08-21,158.622597509,5969
387,2013-08-22,157.740748461,5052
388,2013-08-23,157.85097959200002,7117
389,2013-08-24,158.291904116,5855
390,2013-08-25,157.189592806,6807
391,2013-08-26,157.520286199,6810
392,2013-08-27,156.087281496,5635
393,2013-08-28,156.197512627,6547
394,2013-08-29,156.969130544,5010
395,2013-08-30,157.189592806,5136
396,2013-08-31,158.40213524700002,4286
397,2013-09-01,159.173753164,5078
398,2013-09-02,157.740748461,6557
399,2013-09-03,157.520286199,5624
400,2013-09-04,157.520286199,5894
401,2013-09-05,157.63051733,5245
402,2013-09-06,157.740748461,5461
403,2013-09-07,157.520286199,5550
404,2013-09-08,157.410055068,6029
405,2013-09-09,157.299823937,6495
406,2013-09-10,157.410055068,6222
407,2013-09-11,157.961210723,5368
408,2013-09-12,156.417974889,8538
409,2013-09-13,156.197512627,7604
410,2013-09-14,157.079361675,6009
411,2013-09-15,157.189592806,6784
412,2013-09-16,156.638437151,6798
413,2013-09-17,156.52820602,7505
414,2013-09-18,156.748668282,7053
415,2013-09-19,156.748668282,5553
416,2013-09-20,156.52820602,5987
417,2013-09-21,156.52820602,4678
418,2013-09-22,156.417974889,4557
419,2013-09-23,156.638437151,6062
420,2013-09-24,157.189592806,4401
421,2013-09-25,157.189592806,5943
422,2013-09-26,157.410055068,7153
423,2013-09-27,157.299823937,6807
424,2013-09-28,156.748668282,6767
425,2013-09-29,156.197512627,6762
426,2013-09-30,157.299823937,16680
427,2013-10-06,158.84305977100001,6990
428,2013-10-07,156.969130544,5139
429,2013-10-08,156.638437151,5164
430,2013-10-09,155.646356972,5227
431,2013-10-10,156.858899413,6214
432,2013-10-11,157.079361675,4635
433,2013-10-12,157.520286199,4763
434,2013-10-13,157.189592806,5120
435,2013-10-14,157.520286199,6087
436,2013-10-15,156.52820602,5678
437,2013-10-16,157.189592806,5591
438,2013-10-17,155.977050365,6562
439,2013-10-18,156.52820602,7041
440,2013-10-19,156.52820602,7692
441,2013-10-20,156.638437151,2622
442,2013-10-22,155.095201317,5655
443,2013-10-23,155.866819234,6797
444,2013-10-24,155.75658810299998,7335
445,2013-10-25,156.307743758,9936
446,2013-10-26,156.969130544,6054
447,2013-10-27,157.079361675,4312
448,2013-10-28,156.087281496,7134
449,2013-10-29,156.087281496,9331
450,2013-10-30,155.977050365,6258
451,2013-10-31,155.536125841,5571
452,2013-11-01,154.544045662,8230
453,2013-11-02,155.536125841,7432
454,2013-11-03,155.536125841,7778
455,2013-11-04,155.866819234,6181
456,2013-11-06,154.764507924,704
457,2013-11-07,155.20543244799998,7705
458,2013-11-08,154.65427679299998,7052
459,2013-11-09,154.764507924,8405
460,2013-11-10,156.307743758,6581
461,2013-11-11,154.984970186,7309
462,2013-11-12,155.646356972,5879
463,2013-11-13,155.095201317,7806
464,2013-11-14,154.3235834,7169
465,2013-11-15,153.441734352,8198
466,2013-11-16,154.21335226899998,7121
467,2013-11-17,154.764507924,7461
468,2013-11-18,153.441734352,7898
469,2013-11-19,153.992890007,7002
470,2013-11-20,154.433814531,8493
471,2013-11-21,154.874739055,3295
472,2013-11-22,154.544045662,2108
473,2013-11-23,155.42589471,2579
474,2013-11-24,154.874739055,4929
475,2013-11-25,155.095201317,5664
476,2013-11-26,154.65427679299998,6238
477,2013-11-27,154.21335226899998,7138
478,2013-11-28,154.21335226899998,8740
479,2013-11-29,153.772427745,3535
480,2013-11-30,153.662196614,6356
481,2013-12-01,154.874739055,5648
482,2013-12-02,155.42589471,4350
483,2013-12-03,155.646356972,12979
484,2013-12-04,156.969130544,15859
485,2013-12-05,157.189592806,13596
486,2013-12-06,156.969130544,13554
487,2013-12-07,155.75658810299998,15358
488,2013-12-08,155.75658810299998,7268
489,2013-12-09,155.095201317,4384
490,2013-12-10,155.75658810299998,6420
491,2013-12-11,155.315663579,6888
492,2013-12-12,155.42589471,14143
493,2013-12-13,155.866819234,4868
494,2013-12-14,156.52820602,3957
495,2013-12-15,156.197512627,4864
496,2013-12-16,155.20543244799998,5952
497,2013-12-17,155.646356972,8570
498,2013-12-18,155.42589471,8134
499,2013-12-19,155.20543244799998,8465
500,2013-12-20,154.984970186,6702
501,2013-12-21,154.764507924,7165
502,2013-12-22,154.874739055,9041
503,2013-12-23,154.21335226899998,6730
504,2013-12-24,154.874739055,5984
505,2013-12-25,155.315663579,3550
506,2013-12-26,153.772427745,4949
507,2013-12-27,154.544045662,3628
508,2013-12-28,154.3235834,5895
509,2013-12-29,155.095201317,5193
510,2013-12-30,154.3235834,2481
511,2013-12-31,154.764507924,5380
512,2014-01-01,154.764507924,7929
513,2014-01-02,153.882658876,5288
514,2014-01-03,153.882658876,6921
515,2014-01-04,153.992890007,5243
516,2014-01-05,154.984970186,5551
517,2014-01-06,153.992890007,4857
518,2014-01-07,154.874739055,7152
519,2014-01-08,154.65427679299998,6384
520,2014-01-09,153.992890007,6235
521,2014-01-10,153.882658876,5272
522,2014-01-11,153.662196614,6372
523,2014-01-12,154.874739055,6886
524,2014-01-13,154.433814531,7651
525,2014-01-14,154.103121138,8969
526,2014-01-15,153.992890007,6758
527,2014-01-16,153.551965483,7905
528,2014-01-18,154.103121138,7294
529,2014-01-19,154.103121138,8227
530,2014-01-20,154.103121138,8989
531,2014-01-21,153.331503221,8785
532,2014-01-22,154.21335226899998,3518
533,2014-01-23,153.331503221,6719
534,2014-01-24,153.331503221,5069
535,2014-01-25,154.103121138,8107
536,2014-01-26,153.772427745,5699
537,2014-01-27,154.544045662,6237
538,2014-01-28,154.65427679299998,5423
539,2014-01-29,153.000809828,4108
540,2014-01-30,152.890578697,4947
541,2014-01-31,153.22127209,7134
542,2014-02-01,153.551965483,4916
543,2014-02-02,153.22127209,4935
544,2014-02-03,154.21335226899998,6175
545,2014-02-04,153.662196614,4365
546,2014-02-05,152.890578697,8076
547,2014-02-06,152.559885304,4141
548,2014-02-07,152.11896078,5449
549,2014-02-08,152.78034756600002,2589
550,2014-02-09,153.22127209,8380
551,2014-02-10,154.103121138,6723
552,2014-02-11,153.662196614,6380
553,2014-02-12,152.559885304,4809
554,2014-02-13,153.441734352,10673
555,2014-02-14,153.000809828,7809
556,2014-02-15,153.992890007,8803
557,2014-02-16,154.433814531,9538
558,2014-02-17,153.882658876,5706
559,2014-02-18,153.441734352,5873
560,2014-02-19,153.441734352,6725
561,2014-02-21,153.22127209,5460
562,2014-02-22,154.764507924,7487
563,2014-02-23,154.103121138,3031
564,2014-02-24,155.646356972,7804
565,2014-02-25,154.984970186,4995
566,2014-02-26,155.42589471,4620
567,2014-02-27,155.646356972,8832
568,2014-02-28,155.536125841,6027
569,2014-03-01,155.42589471,3458
570,2014-03-02,155.095201317,3132
571,2014-03-03,154.874739055,5574
572,2014-03-05,153.441734352,7738
573,2014-03-06,154.103121138,7711
574,2014-03-07,153.551965483,6230
575,2014-03-09,153.662196614,7282
576,2014-03-10,153.441734352,7057
577,2014-03-11,153.551965483,7497
578,2014-03-12,152.22919191100002,6785
579,2014-03-13,152.670116435,8080
580,2014-03-14,152.33942304200002,6270
581,2014-03-15,153.000809828,9692
582,2014-03-16,153.111040959,7215
583,2014-03-17,153.331503221,7709
584,2014-03-18,153.882658876,7060
585,2014-03-19,154.433814531,7222
586,2014-03-20,154.21335226899998,7104
587,2014-03-21,154.764507924,7207
588,2014-03-22,155.20543244799998,5926
589,2014-03-23,154.103121138,7493
590,2014-03-24,153.882658876,7369
591,2014-03-25,154.21335226899998,7118
592,2014-03-26,153.551965483,7081
593,2014-03-27,152.670116435,7542
594,2014-03-28,153.22127209,5712
595,2014-03-29,153.331503221,7453
596,2014-03-30,153.111040959,7741
597,2014-03-31,152.670116435,4407
598,2014-04-01,151.678036256,7726
599,2014-04-02,152.449654173,7900
600,2014-04-03,152.449654173,7657
601,2014-04-04,152.008729649,7719
602,2014-04-05,151.347342863,7587
603,2014-04-06,151.78826738700002,7915
604,2014-04-07,151.78826738700002,9994
605,2014-04-08,152.559885304,6027
606,2014-04-09,152.890578697,7521
607,2014-04-10,152.11896078,5866
608,2014-04-11,152.008729649,11071
609,2014-04-12,152.449654173,6461
610,2014-04-13,151.78826738700002,5541
611,2014-04-14,151.23711173200002,7482
612,2014-04-15,151.678036256,8468
613,2014-04-16,152.008729649,8346
614,2014-04-17,151.567805125,6774
615,2014-04-18,150.575724946,10886
616,2014-04-19,150.68595607700001,4957
617,2014-04-20,150.796187208,5547
618,2014-04-21,151.678036256,5982
619,2014-04-22,151.457573994,9011
620,2014-04-24,151.347342863,6066
621,2014-04-25,151.126880601,4429
622,2014-04-26,150.355262684,10242
623,2014-04-27,151.23711173200002,7509
624,2014-04-28,151.678036256,7798
625,2014-04-29,151.23711173200002,7660
626,2014-04-30,152.22919191100002,7726
627,2014-05-01,150.68595607700001,9176
628,2014-05-03,151.347342863,6831
629,2014-05-04,151.126880601,8232
630,2014-05-05,150.355262684,8070
631,2014-05-06,152.11896078,11348
632,2014-05-07,151.678036256,9135
633,2014-05-08,151.678036256,8186
634,2014-05-09,151.126880601,7943
635,2014-05-10,151.126880601,7545
636,2014-05-11,151.01664947,7676
637,2014-05-12,150.355262684,7808
638,2014-05-13,150.906418339,7733
639,2014-05-14,149.804107029,8180
640,2014-05-15,149.583644767,8991
641,2014-05-16,149.14272024299999,10228
642,2014-05-17,149.363182505,6379
643,2014-05-18,149.363182505,7512
644,2014-05-19,150.134800422,7867
645,2014-05-20,149.032489112,7519
646,2014-05-21,149.583644767,7974
647,2014-05-22,149.583644767,7600
648,2014-05-23,149.91433816,7569
649,2014-05-24,148.81202685,5282
650,2014-05-25,149.583644767,7578
651,2014-05-26,149.804107029,7893
652,2014-05-27,149.032489112,9088
653,2014-05-28,150.134800422,9962
654,2014-05-29,149.14272024299999,7180
655,2014-05-30,150.024569291,5615
656,2014-05-31,149.473413636,5828
657,2014-06-01,149.91433816,3510
658,2014-06-02,149.583644767,5595
659,2014-06-03,148.481333457,4799
660,2014-06-04,148.59156458799998,6008
661,2014-06-05,148.701795719,4575
662,2014-06-06,148.81202685,5885
663,2014-06-07,148.922257981,6069
664,2014-06-08,149.473413636,5867
665,2014-06-09,149.363182505,5135
666,2014-06-10,149.14272024299999,5262
667,2014-06-11,149.583644767,5313
668,2014-06-12,150.134800422,5248
669,2014-06-13,149.693875898,5074
670,2014-06-14,148.150640064,3400
671,2014-06-15,149.804107029,6908
672,2014-06-16,149.363182505,4845
673,2014-06-17,149.583644767,5790
674,2014-06-18,149.91433816,5834
675,2014-06-19,149.363182505,6678
676,2014-06-20,149.252951374,5847
677,2014-06-21,149.252951374,6255
678,2014-06-22,149.032489112,5154
679,2014-06-23,149.14272024299999,6427
680,2014-06-24,149.363182505,5255
681,2014-06-25,149.473413636,6503
682,2014-06-26,149.14272024299999,6041
683,2014-06-27,148.81202685,5675
684,2014-06-28,148.701795719,4552
685,2014-06-30,149.252951374,4653
686,2014-07-01,148.260871195,5670
687,2014-07-02,148.481333457,4947
688,2014-07-03,148.260871195,5525
689,2014-07-04,148.81202685,7348
690,2014-07-05,148.81202685,7697
691,2014-07-06,148.922257981,8024
692,2014-07-07,148.260871195,8194
693,2014-07-08,148.922257981,9405
694,2014-07-09,148.701795719,6594
695,2014-07-10,148.922257981,6866
696,2014-07-11,148.701795719,6691
697,2014-07-12,148.81202685,7085
698,2014-07-13,148.81202685,7363
699,2014-07-15,148.81202685,4294
700,2014-07-16,148.701795719,6611
701,2014-07-17,148.81202685,5417
702,2014-07-18,148.922257981,7149
703,2014-07-19,148.701795719,6037
704,2014-07-20,149.473413636,5513
705,2014-07-21,149.693875898,4876
706,2014-07-22,149.804107029,6921
707,2014-07-23,149.14272024299999,7310
708,2014-07-24,148.481333457,1667
709,2014-07-25,148.81202685,6946
710,2014-07-26,148.701795719,5562
711,2014-07-27,148.59156458799998,7426
712,2014-07-28,148.481333457,6643
713,2014-07-29,147.70971554,4877
714,2014-07-30,148.150640064,5710
715,2014-07-31,149.363182505,7777
716,2014-08-01,147.04832875399998,4444
717,2014-08-02,147.59948440899998,6112
718,2014-08-03,149.032489112,6856
719,2014-08-04,146.827866492,6737
720,2014-08-05,148.81202685,6536
721,2014-08-06,149.363182505,6124
722,2014-08-07,149.363182505,7983
723,2014-08-08,148.59156458799998,8643
724,2014-08-09,147.930177802,7479
725,2014-08-20,148.701795719,3620
726,2014-08-21,148.922257981,6567
727,2014-08-22,148.04040893299998,2515
728,2014-08-23,148.481333457,3952
729,2014-08-24,147.70971554,6496
730,2014-08-25,148.371102326,6924
731,2014-08-26,149.032489112,6454
732,2014-08-27,149.14272024299999,6673
733,2014-08-28,149.032489112,6403
734,2014-08-29,149.363182505,7076
735,2014-08-30,148.922257981,11125
736,2014-08-31,149.032489112,5448
737,2014-09-01,150.024569291,9620
738,2014-09-02,149.804107029,5545
739,2014-09-03,148.04040893299998,2559
740,2014-09-04,150.134800422,5164
741,2014-09-05,150.245031553,3945
742,2014-09-06,151.347342863,1800
743,2014-09-07,149.473413636,2677
744,2014-09-08,149.252951374,5218
745,2014-09-09,149.693875898,6920
746,2014-09-10,149.473413636,6515
747,2014-09-12,149.91433816,6045
748,2014-09-13,148.922257981,8919
749,2014-09-14,149.363182505,4602
750,2014-09-15,150.355262684,8484
751,2014-09-16,150.245031553,5716
752,2014-09-17,149.473413636,10235
753,2014-09-18,149.91433816,6485
754,2014-09-19,150.245031553,7389
755,2014-09-20,149.252951374,5901
756,2014-09-21,150.134800422,4667
757,2014-09-22,149.473413636,4882
758,2014-09-23,149.363182505,4531
759,2014-09-24,148.481333457,6282
760,2014-09-25,148.481333457,6899
761,2014-09-26,149.804107029,5564
762,2014-09-27,149.693875898,3913
763,2014-09-28,150.575724946,5848
764,2014-09-29,150.906418339,9363
765,2014-09-30,150.245031553,6760
766,2014-10-01,149.583644767,5665
767,2014-10-02,150.245031553,8372
768,2014-10-03,150.024569291,5846
769,2014-10-04,150.68595607700001,4382
770,2014-10-05,149.693875898,6888
771,2014-10-06,148.481333457,7653
772,2014-10-07,148.59156458799998,8058
773,2014-10-08,148.59156458799998,7467
774,2014-10-09,149.032489112,7614
775,2014-10-10,148.260871195,8307
776,2014-10-11,149.583644767,6230
777,2014-10-12,148.59156458799998,7582
778,2014-10-13,150.024569291,7798
779,2014-10-14,149.252951374,7632
780,2014-10-15,149.14272024299999,8498
781,2014-10-16,149.473413636,21779
782,2014-10-17,149.693875898,14651
783,2014-10-18,150.906418339,12726
784,2014-10-19,151.678036256,13014
785,2014-10-20,150.68595607700001,22919
786,2014-10-21,151.567805125,16757
787,2014-10-22,152.559885304,11449
788,2014-10-23,151.126880601,6854
789,2014-10-24,151.678036256,9642
790,2014-10-25,150.796187208,9765
791,2014-10-26,150.134800422,11648
792,2014-10-27,150.465493815,4708
793,2014-10-28,150.465493815,6795
794,2014-10-29,150.575724946,5972
795,2014-10-30,150.024569291,8504
796,2014-10-31,150.245031553,5280
797,2014-11-01,150.355262684,8363
798,2014-11-02,149.693875898,7244
799,2014-11-03,150.134800422,9658
800,2014-11-04,149.693875898,7813
801,2014-11-05,148.922257981,4263
802,2014-11-06,148.481333457,3069
803,2014-11-07,150.134800422,8061
804,2014-11-09,150.355262684,9084
805,2014-11-10,151.126880601,7504
806,2014-11-11,150.796187208,4348
807,2014-11-12,150.355262684,8046
808,2014-11-13,149.91433816,7722
809,2014-11-14,149.032489112,5100
810,2014-11-15,148.81202685,7721
811,2014-11-16,148.922257981,7854
812,2014-11-17,148.150640064,6380
813,2014-11-18,148.04040893299998,7749
814,2014-11-19,148.04040893299998,8042
815,2014-11-20,148.150640064,4293
816,2014-11-21,148.59156458799998,5966
817,2014-11-22,148.59156458799998,8362
818,2014-11-23,147.930177802,3725
819,2014-11-24,148.81202685,8286
820,2014-11-25,149.363182505,6708
821,2014-11-26,149.91433816,3694
822,2014-11-27,147.930177802,9512
823,2014-11-28,147.930177802,8140
824,2014-11-29,148.150640064,2679
825,2014-12-02,147.930177802,9201
826,2014-12-03,147.70971554,4903
827,2014-12-04,147.04832875399998,6635
828,2014-12-05,147.158559885,4704
829,2014-12-06,147.268791016,4861
830,2014-12-07,147.04832875399998,5552
831,2014-12-08,146.938097623,5595
832,2014-12-09,146.60740423,6386
833,2014-12-10,147.819946671,4919
834,2014-12-11,147.158559885,6423
835,2014-12-12,147.379022147,7338
836,2014-12-13,146.386941968,4772
837,2014-12-14,146.497173099,10548
838,2014-12-15,146.938097623,5730
839,2014-12-16,146.497173099,5086
840,2014-12-17,146.938097623,4745
841,2014-12-18,146.497173099,2164
842,2014-12-19,146.056248575,1778
843,2014-12-20,146.386941968,4430
844,2014-12-21,145.394861789,5278
845,2014-12-22,145.835786313,5629
846,2014-12-23,145.284630658,8046
847,2014-12-24,146.276710837,5854
848,2014-12-25,145.946017444,3484
849,2014-12-26,146.166479706,6765
850,2014-12-27,146.497173099,7908
851,2014-12-28,145.725555182,10508
852,2014-12-29,146.386941968,19685
853,2014-12-30,146.166479706,12484
854,2014-12-31,149.252951374,14702
855,2015-01-01,147.819946671,17188
856,2015-01-02,146.827866492,18311
857,2015-01-03,147.59948440899998,9643
858,2015-01-04,146.497173099,7674
859,2015-01-05,145.835786313,4129
860,2015-01-06,146.166479706,3458
861,2015-01-07,146.386941968,2883
862,2015-01-08,146.60740423,3184
863,2015-01-09,146.60740423,3472
864,2015-01-10,146.717635361,3672
865,2015-01-11,146.497173099,4718
866,2015-01-12,145.946017444,3588
867,2015-01-13,145.61532405100002,4283
868,2015-01-14,146.938097623,5832
869,2015-01-15,146.497173099,4932
870,2015-01-16,147.379022147,5321
871,2015-01-17,146.827866492,4804
872,2015-01-18,147.70971554,4393
873,2015-01-19,147.59948440899998,8531
874,2015-01-20,147.268791016,8426
875,2015-01-21,146.717635361,6244
876,2015-01-22,146.827866492,5264
877,2015-01-23,146.60740423,2804
878,2015-01-24,146.60740423,6821
879,2015-01-25,145.946017444,378
880,2015-01-26,146.717635361,6359
881,2015-01-27,145.835786313,5471
882,2015-01-28,145.946017444,7125
883,2015-01-29,146.166479706,5993
884,2015-01-30,146.386941968,7648
885,2015-01-31,146.938097623,4662
886,2015-02-01,147.04832875399998,5845
887,2015-02-02,146.938097623,11168
888,2015-02-03,145.835786313,7919
889,2015-02-04,145.725555182,4532
890,2015-02-05,145.946017444,8584
891,2015-02-06,146.056248575,7486
892,2015-02-07,146.166479706,7083
893,2015-02-08,147.268791016,5213
894,2015-02-09,146.717635361,5823
895,2015-02-10,146.60740423,5510
896,2015-02-11,146.276710837,5353
897,2015-02-12,146.717635361,8521
898,2015-02-13,145.50509292,7772
899,2015-02-14,144.953937265,7555
900,2015-02-15,145.50509292,5204
901,2015-02-16,145.394861789,2734
902,2015-02-17,145.835786313,8046
903,2015-02-18,145.61532405100002,7540
904,2015-02-19,146.717635361,7268
905,2015-02-20,146.827866492,11700
906,2015-02-21,146.827866492,7112
907,2015-02-22,146.60740423,4317
908,2015-02-23,147.379022147,6079
909,2015-02-24,147.48925327799998,7527
910,2015-02-26,146.166479706,7535
911,2015-02-27,145.61532405100002,4072
912,2015-02-28,146.60740423,5376
913,2015-03-01,146.166479706,3354
914,2015-03-02,146.938097623,9266
915,2015-03-03,145.725555182,8574
916,2015-03-04,145.394861789,11889
917,2015-03-05,143.631163693,4859
918,2015-03-06,143.851625955,7440
919,2015-03-07,144.40278161,7677
920,2015-03-08,142.639083514,9598
921,2015-03-09,145.725555182,8009
922,2015-03-10,145.50509292,7784
923,2015-03-11,144.843706134,9712
924,2015-03-12,144.07208821700002,7455
925,2015-03-13,145.284630658,7803
926,2015-03-14,145.61532405100002,7873
927,2015-03-15,145.50509292,8427
928,2015-03-16,144.62324387200002,8047
929,2015-03-17,145.394861789,8041
930,2015-03-18,145.394861789,3740
931,2015-03-19,146.60740423,7729
932,2015-03-20,146.60740423,8080
933,2015-03-23,144.733475003,7593
934,2015-03-24,144.07208821700002,5259
935,2015-03-25,143.741394824,4106
936,2015-03-26,143.30047030000003,3079
937,2015-03-27,143.30047030000003,4260
938,2015-03-28,143.741394824,4374
939,2015-03-29,143.30047030000003,3823
940,2015-03-30,144.40278161,3456
941,2015-03-31,144.292550479,5709
942,2015-04-02,145.064168396,7906
943,2015-04-03,144.182319348,10124
944,2015-04-04,144.513012741,10170
945,2015-04-06,144.953937265,9332
946,2015-04-07,144.07208821700002,8400
947,2015-04-08,145.284630658,4555
948,2015-04-09,144.40278161,7371
949,2015-04-10,143.961857086,7885
950,2015-04-11,142.528852383,13778
951,2015-04-12,143.851625955,14438
952,2015-04-13,143.631163693,6984
953,2015-04-14,144.513012741,11218
954,2015-04-16,145.835786313,11724
955,2015-04-17,146.166479706,9456
956,2015-04-18,144.953937265,9354
957,2015-04-19,145.50509292,5115
958,2015-04-20,144.843706134,5699
959,2015-04-21,144.953937265,4964
960,2015-04-22,144.513012741,4797
961,2015-04-23,145.394861789,5483
962,2015-04-24,145.61532405100002,7376
963,2015-04-25,146.166479706,2135
964,2015-04-26,145.835786313,8047
965,2015-04-27,145.835786313,5296
966,2015-04-28,144.513012741,8643
967,2015-04-29,144.07208821700002,8193
968,2015-04-30,143.520932562,10901
969,2015-05-01,143.851625955,11656
970,2015-05-02,144.62324387200002,9297
971,2015-05-03,144.843706134,6141
972,2015-05-04,144.733475003,8141
973,2015-05-05,144.513012741,6375
974,2015-05-06,144.07208821700002,10180
975,2015-05-07,143.961857086,11862
976,2015-05-08,143.741394824,8210
977,2015-05-09,143.631163693,6555
978,2015-05-10,144.40278161,9472
979,2015-05-11,143.410701431,11177
980,2015-05-12,142.528852383,11196
981,2015-05-13,142.859545776,7026
982,2015-05-14,143.190239169,8309
983,2015-05-15,142.969776907,4148
984,2015-05-16,143.851625955,10125
985,2015-05-17,143.410701431,9714
986,2015-05-19,143.631163693,6143
987,2015-05-20,143.190239169,6903
988,2015-05-21,143.410701431,5681
989,2015-05-22,143.080008038,8978
990,2015-05-23,143.30047030000003,6467
991,2015-05-24,143.741394824,9014
992,2015-05-25,143.741394824,10044
993,2015-05-26,143.080008038,6360
994,2015-05-27,145.064168396,6465
995,2015-05-28,143.631163693,6491
996,2015-05-29,142.639083514,6948
997,2015-05-30,142.749314645,5421
998,2015-05-31,143.190239169,5166
999,2015-06-01,142.749314645,10166
1000,2015-06-02,142.969776907,5850
1001,2015-06-04,141.97769672799998,6573
1002,2015-06-05,142.528852383,6560
1003,2015-06-06,142.749314645,8387
1004,2015-06-07,143.30047030000003,5505
1005,2015-06-08,142.969776907,10967
1006,2015-06-09,143.30047030000003,8443
1007,2015-06-10,143.410701431,5979
1008,2015-06-12,142.639083514,311
1009,2015-06-13,143.30047030000003,5728
1010,2015-06-14,143.190239169,7737
1011,2015-06-15,142.639083514,6116
1012,2015-06-16,143.30047030000003,5539
1013,2015-06-17,142.639083514,3486
1014,2015-06-19,141.97769672799998,4877
1015,2015-06-20,141.536772204,5256
1016,2015-06-21,142.308390121,10806
1017,2015-06-22,142.528852383,9187
1018,2015-06-23,142.087927859,7331
1019,2015-06-24,142.087927859,5997
1020,2015-06-25,142.639083514,4608
1021,2015-06-26,142.749314645,7214
1022,2015-06-27,143.520932562,4028
1023,2015-06-28,144.182319348,5158
1024,2015-06-29,143.520932562,12165
1025,2015-06-30,143.30047030000003,4934
1026,2015-07-01,143.190239169,7656
1027,2015-07-02,142.639083514,8381
1028,2015-07-03,142.19815899,6964
1029,2015-07-04,142.859545776,7472
1030,2015-07-05,141.757234466,6619
1031,2015-07-07,142.859545776,6276
1032,2015-07-08,142.969776907,4911
1033,2015-07-09,143.30047030000003,6507
1034,2015-07-10,142.528852383,7301
1035,2015-07-11,142.418621252,6570
1036,2015-07-12,142.087927859,5663
1037,2015-07-13,144.07208821700002,3537
1038,2015-07-14,143.961857086,9575
1039,2015-07-15,142.859545776,7103
1040,2015-07-16,143.520932562,10257
1041,2015-07-17,142.528852383,4873
1042,2015-07-18,141.42654107299998,8008
1043,2015-07-19,141.09584768,3609
1044,2015-07-21,142.19815899,2875
1045,2015-07-22,143.190239169,8381
1046,2015-07-23,142.749314645,7883
1047,2015-07-24,142.528852383,8057
1048,2015-07-26,142.749314645,10506
1049,2015-07-29,147.04832875399998,1629
1050,2015-07-31,143.190239169,4789
1051,2015-08-01,141.757234466,5061
1052,2015-08-02,141.97769672799998,4725
1053,2015-08-03,141.867465597,7145
1054,2015-08-05,141.867465597,11455
1055,2015-08-09,141.42654107299998,5481
1056,2015-08-10,141.647003335,6078
1057,2015-08-11,141.97769672799998,7931
1058,2015-08-12,141.647003335,12466
1059,2015-08-13,142.308390121,5728
1060,2015-08-14,142.749314645,7032
1061,2015-08-15,142.639083514,6897
1062,2015-08-17,143.080008038,8902
1063,2015-08-18,141.316309942,11736
1064,2015-08-19,144.07208821700002,4269
1065,2015-08-20,143.190239169,5756
1066,2015-08-21,143.741394824,5868
1067,2015-08-22,143.30047030000003,6979
1068,2015-08-23,143.080008038,12749
1069,2015-08-24,142.749314645,11810
1070,2015-08-25,143.190239169,10178
1071,2015-08-26,142.528852383,10332
1072,2015-08-28,142.087927859,12484
1073,2015-08-29,143.080008038,4336
1074,2015-08-30,142.969776907,5398
1075,2015-08-31,142.749314645,10199
1076,2015-09-01,143.30047030000003,7749
1077,2015-09-02,142.528852383,7450
1078,2015-09-03,142.308390121,6878
1079,2015-09-04,140.544692025,8571
1080,2015-09-05,141.42654107299998,7866
1081,2015-09-06,142.087927859,5794
1082,2015-09-07,140.544692025,9030
1083,2015-09-08,140.87538541799998,6479
1084,2015-09-09,141.206078811,7129
1085,2015-09-11,141.206078811,8837
1086,2015-09-14,141.316309942,378
1087,2015-09-15,141.536772204,7816
1088,2015-09-16,140.765154287,8414
1089,2015-09-17,140.98561654899999,6862
1090,2015-09-18,140.654923156,8035
1091,2015-09-19,141.206078811,10220
1092,2015-09-20,139.442380715,4237
1093,2015-09-21,141.647003335,8330
1094,2015-09-22,141.867465597,8082
1095,2015-09-23,140.98561654899999,7365
1096,2015-09-24,140.87538541799998,8074
1097,2015-09-25,140.98561654899999,7316
1098,2015-09-26,141.97769672799998,7714
1099,2015-09-27,141.867465597,11223
1100,2015-09-28,141.97769672799998,7571
1101,2015-09-29,141.97769672799998,7251
1102,2015-09-30,141.206078811,9297
1103,2015-10-01,141.206078811,8060
1104,2015-10-02,141.42654107299998,7289
1105,2015-10-03,143.410701431,7046
1106,2015-10-04,142.859545776,13137
1107,2015-10-05,142.639083514,7980
1108,2015-10-06,143.080008038,9442
1109,2015-10-07,141.97769672799998,7187
1110,2015-10-08,143.190239169,7095
1111,2015-10-09,143.631163693,9040
1112,2015-10-10,144.292550479,8463
1113,2015-10-11,143.741394824,3445
1114,2015-10-12,142.859545776,10861
1115,2015-10-13,143.741394824,5587
1116,2015-10-14,140.98561654899999,9160
1117,2015-10-16,144.843706134,5057
1118,2015-10-17,144.953937265,6985
1119,2015-10-18,144.843706134,13825
1120,2015-10-19,144.40278161,6017
1121,2015-10-20,144.40278161,9096
1122,2015-10-21,144.843706134,9771
1123,2015-10-22,144.62324387200002,6277
1124,2015-10-23,145.394861789,4498
1125,2015-10-24,144.40278161,10095
1126,2015-10-25,143.410701431,9721
1127,2015-10-26,143.190239169,8312
1128,2015-10-27,143.741394824,1146
1129,2015-10-28,143.410701431,2073
1130,2015-10-29,143.30047030000003,11842
1131,2015-10-30,143.631163693,14429
1132,2015-10-31,145.394861789,13177
1133,2015-11-01,144.513012741,10295
1134,2015-11-02,144.40278161,15947
1135,2015-11-03,144.40278161,3474
1136,2015-11-09,145.50509292,14582
1137,2015-11-10,144.733475003,1673
1138,2015-11-11,145.61532405100002,2106
1139,2015-11-12,144.843706134,3905
1140,2015-11-13,144.292550479,7348
1141,2015-11-14,144.513012741,7736
1142,2015-11-15,143.410701431,9202
1143,2015-11-16,144.182319348,7810
1144,2015-11-17,144.07208821700002,7826
1145,2015-11-19,144.07208821700002,8171
1146,2015-11-20,144.843706134,5156
1147,2015-11-21,144.843706134,5482
1148,2015-11-22,145.17439952700002,11469
1149,2015-11-23,145.50509292,8077
1150,2015-11-24,146.386941968,5586
1151,2015-11-25,145.284630658,8856
1152,2015-11-26,144.513012741,2604
1153,2015-11-27,145.725555182,7874
1154,2015-11-28,145.064168396,6812
1155,2015-11-29,145.064168396,5413
1156,2015-11-30,145.394861789,2905
1157,2015-12-01,144.953937265,5306
1158,2015-12-02,145.394861789,5459
1159,2015-12-03,145.17439952700002,5964
1160,2015-12-04,145.394861789,7127
1161,2015-12-05,146.386941968,7474
1162,2015-12-06,145.835786313,165
1163,2015-12-12,147.379022147,4866
1164,2015-12-13,146.938097623,8637
1165,2015-12-14,146.938097623,6724
1166,2015-12-15,145.946017444,8333
1167,2015-12-16,146.497173099,11598
1168,2015-12-17,147.48925327799998,5852
1169,2015-12-18,146.717635361,5367
1170,2015-12-19,146.386941968,7381
1171,2015-12-20,147.04832875399998,11723
1172,2015-12-21,147.379022147,9194
1173,2015-12-22,145.725555182,5735
1174,2015-12-23,145.61532405100002,8358
1175,2015-12-24,145.50509292,4943
1176,2015-12-25,146.276710837,11148
1177,2015-12-26,146.827866492,4808
1178,2015-12-27,146.386941968,4765
1179,2015-12-28,146.056248575,4640
1180,2015-12-29,145.61532405100002,4473
1181,2015-12-31,145.725555182,5359
1182,2016-01-01,146.60740423,4816
1183,2016-01-02,145.946017444,887
1184,2016-01-03,146.60740423,4239
1185,2016-01-04,146.386941968,6754
1186,2016-01-05,145.394861789,4404
1187,2016-01-06,145.17439952700002,8351
1188,2016-01-08,145.835786313,8799
1189,2016-01-09,147.04832875399998,5220
1190,2016-01-10,145.946017444,7730
1191,2016-01-11,145.725555182,3919
1192,2016-01-12,145.835786313,9029
1193,2016-01-13,147.379022147,4713
1194,2016-01-15,145.50509292,3089
1195,2016-01-16,146.386941968,3440
1196,2016-01-17,147.268791016,8388
1197,2016-01-18,146.276710837,7318
1198,2016-01-19,147.59948440899998,7985
1199,2016-01-20,147.819946671,9459
1200,2016-01-22,146.60740423,5735
1201,2016-01-24,146.497173099,9150
1202,2016-01-25,146.276710837,9240
1203,2016-01-26,146.386941968,6632
1204,2016-01-27,146.497173099,4626
1205,2016-01-29,147.158559885,5392
1206,2016-01-31,149.91433816,8511
1207,2016-02-01,150.245031553,8087
1208,2016-02-02,149.473413636,4208
1209,2016-02-03,149.363182505,6924
1210,2016-02-04,149.91433816,9302
1211,2016-02-05,149.032489112,5814
1212,2016-02-06,149.91433816,12804
1213,2016-02-08,150.465493815,3678
1214,2016-02-09,150.465493815,7653
1215,2016-02-10,150.245031553,3097
1216,2016-02-11,150.134800422,3762
1217,2016-02-12,151.567805125,3933
1218,2016-02-13,150.134800422,6530
1219,2016-02-14,150.024569291,3571
1220,2016-02-15,151.567805125,5196
1221,2016-02-16,150.906418339,10585
1222,2016-02-17,150.245031553,9512
1223,2016-02-18,150.134800422,7302
1224,2016-02-19,150.024569291,7328
1225,2016-02-20,150.796187208,5407
1226,2016-02-21,150.355262684,9659
1227,2016-02-22,148.81202685,3897
1228,2016-02-27,150.245031553,9684
1229,2016-02-29,150.355262684,6591
1230,2016-03-01,149.804107029,6394
1231,2016-03-03,149.363182505,9459
1232,2016-03-04,148.701795719,8961
1233,2016-03-05,149.693875898,6370
1234,2016-03-06,149.804107029,4457
1235,2016-03-07,150.796187208,4226
1236,2016-03-08,150.024569291,4772
1237,2016-03-09,149.363182505,5612
1238,2016-03-10,150.134800422,7779
1239,2016-03-11,149.032489112,6934
1240,2016-03-12,149.252951374,6872
1241,2016-03-13,149.693875898,9592
1242,2016-03-14,151.347342863,6193
1243,2016-03-15,150.796187208,9740
1244,2016-03-16,149.14272024299999,7913
1245,2016-03-17,148.481333457,6388
1246,2016-03-18,147.930177802,8618
1247,2016-03-20,150.355262684,7763
1248,2016-03-21,149.91433816,7884
1249,2016-03-22,148.59156458799998,9993
1250,2016-03-24,149.032489112,18016
1251,2016-03-25,149.363182505,13697
1252,2016-03-27,149.252951374,22439
1253,2016-03-28,151.898498518,12682
1254,2016-03-29,151.78826738700002,13039
1255,2016-03-30,150.024569291,19568
1256,2016-04-01,147.930177802,11508
1257,2016-04-02,148.922257981,15469
1258,2016-04-03,147.930177802,16040
1259,2016-04-04,148.150640064,12692
1260,2016-04-07,148.81202685,6806
1261,2016-04-08,148.371102326,7139
1262,2016-04-09,148.371102326,6456
1263,2016-04-10,148.481333457,5124
1264,2016-04-11,148.59156458799998,5554
1265,2016-04-12,148.04040893299998,6584
1266,2016-04-13,148.59156458799998,8184
1267,2016-04-14,148.59156458799998,7562
1268,2016-04-17,148.81202685,4576
1269,2016-04-18,149.14272024299999,3903
1270,2016-04-19,149.473413636,6547
1271,2016-04-20,149.804107029,6491
1272,2016-04-21,150.024569291,5068
1273,2016-04-24,150.355262684,6340
1274,2016-04-25,150.134800422,6416
1275,2016-04-26,149.804107029,5764
1276,2016-04-27,149.252951374,5646
1277,2016-04-28,148.371102326,5876
1278,2016-04-29,148.260871195,5238
1279,2016-04-30,148.150640064,4827
1280,2016-05-01,149.252951374,4687
1281,2016-05-02,148.59156458799998,7158
1282,2016-05-03,148.481333457,5414
1283,2016-05-04,149.14272024299999,7396
1284,2016-05-05,148.922257981,7478
1285,2016-05-06,149.473413636,6540
1286,2016-05-07,150.024569291,6188
1287,2016-05-08,151.01664947,9208
1288,2016-05-09,150.355262684,5054
1289,2016-05-10,149.583644767,7680
1290,2016-05-11,149.693875898,7621
1291,2016-05-12,149.14272024299999,8727
1292,2016-05-25,152.11896078,1338
1293,2016-05-26,150.575724946,5990
1294,2016-05-27,150.134800422,10962
1295,2016-05-28,150.68595607700001,7256
1296,2016-05-29,150.465493815,10682
1297,2016-05-30,149.91433816,8974
1298,2016-05-31,149.363182505,6015
1299,2016-06-01,149.252951374,5773
1300,2016-06-02,149.14272024299999,3824
1301,2016-06-03,149.583644767,7048
1302,2016-06-04,149.252951374,8906
1303,2016-06-06,149.583644767,5480
1304,2016-06-07,149.693875898,8892
1305,2016-06-09,149.032489112,5418
1306,2016-06-10,151.126880601,7293
1307,2016-06-11,150.355262684,6443
1308,2016-06-12,150.575724946,8924
1309,2016-06-13,151.457573994,8736
1310,2016-06-14,151.457573994,8055
1311,2016-06-15,152.22919191100002,7888
1312,2016-06-17,151.23711173200002,790
1313,2016-06-18,151.347342863,5555
1314,2016-06-19,151.78826738700002,7875
1315,2016-06-20,150.68595607700001,9409
1316,2016-06-21,151.347342863,6799
1317,2016-06-22,151.01664947,6749
1318,2016-06-23,151.126880601,8516
1319,2016-06-24,150.906418339,9575
1320,2016-06-25,150.245031553,5177
1321,2016-06-26,150.245031553,9537
1322,2016-06-27,151.01664947,6982
1323,2016-06-29,151.23711173200002,8363
1324,2016-06-30,150.355262684,1041
1325,2016-07-02,151.126880601,8666
1326,2016-07-03,152.008729649,3860
1327,2016-07-04,153.111040959,2282
1328,2016-07-05,151.898498518,7583
1329,2016-07-06,151.347342863,9655
1330,2016-07-07,151.567805125,7786
1331,2016-07-08,150.906418339,10369
1332,2016-07-11,150.906418339,8454
1333,2016-07-13,150.68595607700001,5914
1334,2016-07-14,150.68595607700001,6709
1335,2016-07-15,150.355262684,7374
1336,2016-07-19,152.559885304,6292
1337,2016-07-21,151.898498518,4449
1338,2016-07-22,151.457573994,6757
1339,2016-07-24,152.670116435,4480
1340,2016-07-25,152.22919191100002,967
1341,2016-07-26,152.559885304,9934
1342,2016-07-27,152.890578697,6921
1343,2016-07-28,152.22919191100002,6966
1344,2016-07-30,151.78826738700002,6392
1345,2016-07-31,151.78826738700002,5758
1346,2016-08-02,152.11896078,6568
1347,2016-08-04,150.68595607700001,9225
1348,2016-08-05,151.126880601,9205
1349,2016-08-06,152.449654173,6400
1350,2016-08-07,153.331503221,8094
1351,2016-08-12,152.670116435,168
1352,2016-08-14,153.551965483,10187
1353,2016-08-15,153.111040959,5438
1354,2016-08-17,152.33942304200002,10409
1355,2016-08-18,152.22919191100002,8972
1356,2016-08-19,152.008729649,9850
1357,2016-08-20,152.33942304200002,5627
1358,2016-08-21,153.000809828,9312
1359,2016-08-22,153.331503221,11526
1360,2016-08-23,152.670116435,10627
1361,2016-08-24,153.000809828,10715
1362,2016-08-25,152.33942304200002,12086
1363,2016-08-26,152.78034756600002,10541
1364,2016-08-27,153.551965483,9760
1365,2016-08-28,153.882658876,8700
1366,2016-08-29,153.551965483,10526
1367,2016-08-30,153.22127209,12140
1368,2016-08-31,153.111040959,9785
1369,2016-09-01,152.22919191100002,9347
1370,2016-09-02,152.670116435,6210
1371,2016-09-03,152.890578697,6657
1372,2016-09-04,153.992890007,7816
1373,2016-09-05,153.000809828,7575
1374,2016-09-06,152.33942304200002,6216
1375,2016-09-07,151.126880601,6997
1376,2016-09-08,150.906418339,9776
1377,2016-09-09,151.898498518,5568
1378,2016-09-10,151.347342863,5023
1379,2016-09-11,152.33942304200002,9340
1380,2016-09-12,151.78826738700002,8186
1381,2016-09-13,151.457573994,7471
1382,2016-09-14,151.898498518,9052
1383,2016-09-15,151.23711173200002,8236
1384,2016-09-16,151.78826738700002,6634
1385,2016-09-17,151.78826738700002,5727
1386,2016-09-18,151.347342863,7108
1387,2016-09-19,152.22919191100002,7715
1388,2016-09-20,152.008729649,7824
1389,2016-09-21,152.11896078,6507
1390,2016-09-22,152.008729649,8060
1391,2016-09-23,151.898498518,4928
1392,2016-09-24,151.78826738700002,5145
1393,2016-09-25,151.678036256,5331
1394,2016-09-26,151.01664947,5891
1395,2016-09-27,151.78826738700002,4543
1396,2016-09-28,152.008729649,6835
1397,2016-09-30,151.01664947,6280
1398,2016-10-01,151.23711173200002,6001
1399,2016-10-02,151.457573994,5064
1400,2016-10-03,151.126880601,431
1401,2016-10-04,151.678036256,8694
1402,2016-10-05,152.008729649,7795
1403,2016-10-06,153.000809828,10501
1404,2016-10-07,153.111040959,8018
1405,2016-10-08,152.33942304200002,6430
1406,2016-10-09,151.898498518,6109
1407,2016-10-10,152.33942304200002,7780
1408,2016-10-11,152.11896078,4388
1409,2016-10-12,151.898498518,7646
1410,2016-10-13,151.126880601,7851
1411,2016-10-14,151.678036256,9824
1412,2016-10-15,150.906418339,7516
1413,2016-10-16,151.01664947,11451
1414,2016-10-17,151.23711173200002,6974
1415,2016-10-18,152.33942304200002,5477
1416,2016-10-19,152.33942304200002,5222
1417,2016-10-20,152.449654173,9007
1418,2016-10-21,151.23711173200002,11633
1419,2016-10-22,152.559885304,8752
1420,2016-10-23,152.78034756600002,8436
1421,2016-10-24,152.890578697,9368
1422,2016-10-25,152.22919191100002,6060
1423,2016-10-27,152.33942304200002,8652
1424,2016-10-28,152.559885304,5222
1425,2016-10-30,151.78826738700002,7067
1426,2016-10-31,150.796187208,8585
1427,2016-11-02,151.23711173200002,6681
1428,2016-11-03,150.465493815,462
1429,2016-11-04,151.23711173200002,882
1430,2016-11-06,150.68595607700001,6367
1431,2016-11-07,151.01664947,4123
1432,2016-11-08,150.024569291,5703
1433,2016-11-09,150.465493815,8100
1434,2016-11-10,149.583644767,3542
1435,2016-11-11,150.024569291,971
1436,2016-11-12,150.355262684,6654
1437,2016-11-13,150.796187208,5218
1438,2016-11-14,150.134800422,9516
1439,2016-11-15,152.008729649,10624
1440,2016-11-16,152.11896078,4148
1441,2016-11-17,151.457573994,3944
1442,2016-11-18,151.78826738700002,7647
1443,2016-11-19,151.01664947,8902
1444,2016-11-20,150.68595607700001,10490
1445,2016-11-21,150.906418339,5030
1446,2016-11-22,151.01664947,7337
1447,2016-11-23,152.008729649,5908
1448,2016-11-24,151.347342863,5395
1449,2016-11-25,152.449654173,9810
1450,2016-11-26,152.33942304200002,4724
1451,2016-11-27,151.78826738700002,9767
1452,2016-11-28,151.678036256,6248
1453,2016-12-09,151.678036256,7414
1454,2016-12-11,152.008729649,6052
1455,2016-12-12,152.33942304200002,9342
